"KenPom_Rank","NET_Rank","Team","Conference","Record","Net_Rating","Off_Rating","Def_Rating","Adj_Tempo","SOS","Q1","Q2","Q3","Q4"
1,1,"Michigan","B10","=""8-0""","+36.24","123.2","87.0","72.7","+11.58","=""3-0""","=""2-0""","=""2-0""","=""1-0"""
2,3,"Iowa St.","B12","=""9-0""","+34.27","124.6","90.4","70.1","+1.54","=""2-0""","=""2-0""","=""1-0""","=""4-0"""
3,4,"Gonzaga","WCC","=""9-1""","+32.66","124.1","91.5","71.4","+8.63","=""3-1""","=""0-0""","=""3-0""","=""2-0"""
4,2,"Duke","ACC","=""10-0""","+32.38","123.6","91.2","67.7","+3.41","=""4-0""","=""1-0""","=""0-0""","=""5-0"""
5,5,"Arizona","B12","=""8-0""","+30.23","123.7","93.4","71.9","+5.55","=""3-0""","=""1-0""","=""0-0""","=""4-0"""
6,9,"Purdue","B10","=""8-1""","+29.70","127.6","97.9","65.6","+9.25","=""2-1""","=""1-0""","=""3-0""","=""2-0"""
7,7,"Connecticut","BE","=""8-1""","+29.20","121.9","92.7","65.9","+3.27","=""3-1""","=""1-0""","=""0-0""","=""4-0"""
8,6,"Vanderbilt","SEC","=""9-0""","+29.20","126.7","97.5","71.0","+2.54","=""2-0""","=""2-0""","=""2-0""","=""3-0"""
9,8,"BYU","B12","=""7-1""","+27.92","124.7","96.8","69.6","+10.12","=""2-1""","=""2-0""","=""1-0""","=""2-0"""
10,17,"Houston","B12","=""8-1""","+27.41","119.4","92.0","63.9","+3.71","=""1-1""","=""2-0""","=""3-0""","=""2-0"""
11,13,"Illinois","B10","=""7-2""","+27.21","123.8","96.6","69.2","+4.90","=""1-2""","=""1-0""","=""1-0""","=""4-0"""
12,10,"Michigan St.","B10","=""8-1""","+27.04","118.7","91.7","66.2","+7.53","=""4-1""","=""0-0""","=""1-0""","=""3-0"""
13,12,"Alabama","SEC","=""7-2""","+26.87","126.6","99.7","74.4","+14.45","=""3-2""","=""0-0""","=""1-0""","=""2-0"""
14,23,"Florida","SEC","=""5-3""","+26.75","120.3","93.6","71.7","+11.76","=""1-2""","=""1-1""","=""1-0""","=""2-0"""
15,11,"Louisville","ACC","=""8-1""","+26.52","125.5","98.9","71.9","-0.82","=""2-1""","=""0-0""","=""1-0""","=""5-0"""
16,21,"St. John's","BE","=""5-3""","+24.42","120.6","96.2","71.7","+11.32","=""0-3""","=""2-0""","=""2-0""","=""1-0"""
17,20,"Kansas","B12","=""7-3""","+23.97","117.1","93.1","67.3","+12.60","=""1-3""","=""2-0""","=""0-0""","=""3-0"""
18,34,"Tennessee","SEC","=""7-3""","+23.24","118.9","95.7","67.7","+3.18","=""1-3""","=""0-0""","=""2-0""","=""4-0"""
19,36,"Texas Tech","B12","=""7-2""","+22.14","119.2","97.1","67.7","+6.36","=""0-2""","=""2-0""","=""1-0""","=""3-0"""
20,30,"Kentucky","SEC","=""5-4""","+22.10","119.0","96.9","69.5","+2.08","=""0-4""","=""0-0""","=""0-0""","=""5-0"""
21,16,"Virginia","ACC","=""8-1""","+21.61","122.6","100.9","67.3","-0.53","=""0-1""","=""3-0""","=""1-0""","=""4-0"""
22,15,"North Carolina","ACC","=""8-1""","+21.48","118.3","96.8","69.6","+2.37","=""2-1""","=""1-0""","=""0-0""","=""4-0"""
23,14,"Georgia","SEC","=""8-1""","+21.03","120.5","99.5","74.6","-6.21","=""0-1""","=""1-0""","=""1-0""","=""6-0"""
24,55,"Wisconsin","B10","=""7-2""","+20.97","120.2","99.2","71.4","+1.42","=""0-1""","=""2-1""","=""0-0""","=""5-0"""
25,25,"Clemson","ACC","=""7-2""","+20.79","120.5","99.7","66.5","-2.94","=""1-1""","=""0-1""","=""1-0""","=""5-0"""
26,26,"Iowa","B10","=""8-1""","+20.51","119.0","98.4","64.4","-1.06","=""0-1""","=""0-0""","=""3-0""","=""5-0"""
27,22,"Arkansas","SEC","=""7-2""","+20.37","117.9","97.5","71.4","+1.39","=""1-2""","=""0-0""","=""1-0""","=""5-0"""
28,28,"Indiana","B10","=""7-2""","+19.84","117.0","97.1","69.1","-1.44","=""0-1""","=""0-1""","=""2-0""","=""5-0"""
29,33,"Auburn","SEC","=""7-3""","+19.84","121.9","102.1","68.9","+9.24","=""1-3""","=""1-0""","=""1-0""","=""4-0"""
30,48,"UCLA","B10","=""7-2""","+19.46","118.0","98.6","65.6","-1.86","=""1-1""","=""0-1""","=""0-0""","=""6-0"""
31,19,"Saint Mary's","WCC","=""9-1""","+19.35","116.1","96.8","66.5","+2.43","=""0-1""","=""2-0""","=""1-0""","=""4-0"""
32,35,"USC","B10","=""8-1""","+18.99","120.2","101.2","70.8","+4.88","=""2-0""","=""2-1""","=""2-0""","=""2-0"""
33,76,"Baylor","B12","=""6-2""","+18.97","122.8","103.9","69.8","+7.12","=""0-1""","=""3-1""","=""0-0""","=""3-0"""
34,40,"Ohio St.","B10","=""7-1""","+18.95","118.7","99.8","69.8","-6.25","=""1-0""","=""1-0""","=""0-1""","=""5-0"""
35,31,"Villanova","BE","=""7-1""","+18.91","119.4","100.5","64.6","-3.98","=""0-1""","=""0-0""","=""0-0""","=""7-0"""
36,24,"Miami FL","ACC","=""8-2""","+18.79","115.1","96.3","71.0","-2.03","=""0-2""","=""1-0""","=""3-0""","=""4-0"""
37,43,"N.C. State","ACC","=""6-3""","+18.22","121.0","102.8","70.8","+5.30","=""1-2""","=""1-1""","=""1-0""","=""3-0"""
38,39,"Utah St.","MWC","=""8-1""","+18.11","116.8","98.7","69.5","+0.92","=""0-1""","=""1-0""","=""2-0""","=""3-0"""
39,37,"SMU","ACC","=""9-1""","+17.99","117.6","99.6","71.2","+1.28","=""0-1""","=""1-0""","=""3-0""","=""4-0"""
40,18,"LSU","SEC","=""8-1""","+17.87","117.0","99.1","70.5","-2.92","=""0-0""","=""0-0""","=""3-0""","=""5-0"""
41,51,"VCU","A10","=""6-3""","+17.74","114.0","96.2","71.2","+3.37","=""0-3""","=""2-0""","=""0-0""","=""4-0"""
42,27,"Nebraska","B10","=""9-0""","+17.59","116.4","98.8","70.3","-1.32","=""0-0""","=""3-0""","=""1-0""","=""4-0"""
43,32,"Saint Louis","A10","=""8-1""","+17.20","115.6","98.4","72.7","-5.09","=""0-0""","=""1-1""","=""2-0""","=""4-0"""
44,64,"Missouri","SEC","=""8-2""","+16.33","119.2","102.9","69.3","-8.99","=""0-1""","=""0-0""","=""1-0""","=""7-0"""
45,94,"San Diego St.","MWC","=""4-3""","+16.06","116.5","100.5","68.5","+5.64","=""0-1""","=""1-1""","=""2-1""","=""1-0"""
46,65,"Wake Forest","ACC","=""7-3""","+15.95","115.8","99.9","70.8","+1.93","=""0-2""","=""0-0""","=""2-1""","=""5-0"""
47,44,"Butler","BE","=""7-2""","+15.72","117.7","101.9","70.8","-1.62","=""1-1""","=""0-1""","=""1-0""","=""5-0"""
48,66,"Washington","B10","=""6-3""","+15.63","116.2","100.6","68.4","+5.46","=""1-1""","=""0-2""","=""2-0""","=""3-0"""
49,50,"Oklahoma St.","B12","=""9-0""","+15.61","117.4","101.8","74.6","-1.10","=""0-0""","=""3-0""","=""2-0""","=""4-0"""
50,47,"Boise St.","MWC","=""6-3""","+15.61","112.9","97.3","67.3","+8.02","=""1-2""","=""2-0""","=""1-0""","=""1-0"""
51,71,"Texas A&M","SEC","=""7-3""","+15.34","116.3","101.0","71.5","-1.73","=""0-1""","=""0-1""","=""2-0""","=""5-0"""
52,49,"UCF","B12","=""8-1""","+15.28","119.4","104.2","69.9","-0.88","=""1-1""","=""0-0""","=""4-0""","=""2-0"""
53,109,"Mississippi","SEC","=""5-4""","+15.27","115.1","99.9","66.1","+1.13","=""0-3""","=""0-0""","=""2-1""","=""3-0"""
54,41,"Akron","MAC","=""8-2""","+15.00","121.9","106.9","71.8","-3.26","=""0-2""","=""0-0""","=""1-0""","=""6-0"""
55,86,"Texas","SEC","=""6-3""","+14.61","118.6","104.0","68.8","-2.21","=""1-2""","=""0-1""","=""0-0""","=""4-0"""
56,68,"TCU","B12","=""6-3""","+14.55","111.4","96.9","69.4","+1.68","=""1-1""","=""1-1""","=""0-0""","=""3-1"""
57,38,"Seton Hall","BE","=""9-1""","+14.49","110.4","95.9","66.5","-5.47","=""1-1""","=""1-0""","=""2-0""","=""5-0"""
58,78,"Oklahoma","SEC","=""6-3""","+14.43","119.4","105.0","67.8","+1.84","=""1-2""","=""0-1""","=""1-0""","=""4-0"""
59,73,"Northwestern","B10","=""5-4""","+13.79","117.4","103.6","67.4","+5.84","=""0-3""","=""0-1""","=""2-0""","=""3-0"""
60,84,"Providence","BE","=""6-4""","+13.76","118.3","104.5","72.5","+2.43","=""0-2""","=""1-2""","=""1-0""","=""4-0"""
61,42,"George Washington","A10","=""8-2""","+13.74","120.8","107.1","71.4","-3.50","=""0-0""","=""3-2""","=""0-0""","=""5-0"""
62,69,"Notre Dame","ACC","=""7-3""","+13.50","114.6","101.1","66.2","+5.03","=""1-3""","=""1-0""","=""1-0""","=""4-0"""
63,75,"Syracuse","ACC","=""5-3""","+13.43","111.9","98.5","69.1","+4.76","=""0-3""","=""1-0""","=""0-0""","=""4-0"""
64,52,"Colorado St.","MWC","=""7-2""","+13.24","122.5","109.3","63.9","-1.24","=""0-0""","=""3-1""","=""0-0""","=""4-1"""
65,45,"Colorado","B12","=""8-1""","+13.23","119.4","106.1","69.4","+1.32","=""0-1""","=""1-0""","=""5-0""","=""2-0"""
66,54,"Virginia Tech","ACC","=""8-2""","+13.07","114.9","101.8","69.6","+4.52","=""0-1""","=""4-1""","=""0-0""","=""4-0"""
67,129,"Memphis","Amer","=""4-4""","+12.78","111.9","99.1","70.1","+8.49","=""0-1""","=""0-2""","=""3-0""","=""1-1"""
68,80,"Dayton","A10","=""7-3""","+12.77","112.5","99.7","69.8","+2.26","=""0-2""","=""0-1""","=""3-0""","=""4-0"""
69,98,"Creighton","BE","=""5-4""","+12.75","115.1","102.4","66.6","+5.83","=""0-2""","=""0-1""","=""1-0""","=""4-0"""
70,57,"Santa Clara","WCC","=""8-2""","+12.73","116.7","103.9","69.7","+3.61","=""0-1""","=""2-1""","=""3-0""","=""2-0"""
71,56,"George Mason","A10","=""9-1""","+12.71","113.5","100.8","65.9","-5.08","=""0-1""","=""0-0""","=""3-0""","=""5-0"""
72,58,"California","ACC","=""8-1""","+12.24","114.5","102.3","68.5","-4.04","=""1-0""","=""0-1""","=""2-0""","=""5-0"""
73,70,"Belmont","MVC","=""9-1""","+11.72","111.9","100.2","71.9","-5.38","=""0-0""","=""0-0""","=""3-1""","=""4-0"""
74,74,"Arizona St.","B12","=""7-2""","+11.70","115.7","104.0","69.8","+4.49","=""0-2""","=""3-0""","=""1-0""","=""3-0"""
75,29,"Yale","Ivy","=""10-1""","+11.56","120.8","109.3","65.9","-0.65","=""1-0""","=""1-0""","=""2-1""","=""3-0"""
76,127,"Cincinnati","B12","=""6-3""","+11.47","104.8","93.4","71.2","-6.15","=""0-1""","=""0-1""","=""1-0""","=""5-1"""
77,113,"West Virginia","B12","=""7-3""","+11.27","110.2","98.9","64.6","-7.80","=""0-1""","=""0-1""","=""1-1""","=""6-0"""
78,53,"McNeese","Slnd","=""7-2""","+11.22","112.6","101.3","67.2","+1.24","=""1-1""","=""2-0""","=""0-1""","=""2-0"""
79,60,"South Florida","Amer","=""5-4""","+10.57","112.6","102.1","72.9","+6.42","=""0-2""","=""1-2""","=""2-0""","=""2-0"""
80,62,"Utah Valley","WAC","=""6-3""","+10.21","111.2","101.0","70.4","+6.27","=""0-1""","=""1-1""","=""2-1""","=""1-0"""
81,46,"Tulsa","Amer","=""8-1""","+10.08","116.7","106.6","67.5","-0.16","=""0-0""","=""2-1""","=""1-0""","=""3-0"""
82,97,"Kansas St.","B12","=""5-4""","+10.08","115.1","105.0","73.1","+5.45","=""0-2""","=""2-1""","=""1-1""","=""2-0"""
83,141,"Mississippi St.","SEC","=""4-5""","+10.03","113.1","103.0","69.5","+5.08","=""0-1""","=""0-3""","=""1-0""","=""3-0"""
84,107,"Xavier","BE","=""7-3""","+9.88","112.4","102.5","70.6","+0.59","=""0-2""","=""0-1""","=""2-0""","=""5-0"""
85,82,"New Mexico","MWC","=""7-2""","+9.46","111.4","102.0","70.4","-0.53","=""0-1""","=""1-1""","=""1-0""","=""4-0"""
86,110,"South Carolina","SEC","=""6-3""","+9.41","113.1","103.6","66.9","-6.57","=""0-1""","=""0-2""","=""1-0""","=""5-0"""
87,103,"Nevada","MWC","=""7-3""","+9.07","113.0","103.9","67.4","+2.68","=""0-1""","=""1-1""","=""4-1""","=""1-0"""
88,72,"Wichita St.","Amer","=""6-4""","+8.97","112.3","103.3","66.5","+1.59","=""0-2""","=""1-1""","=""0-1""","=""4-0"""
89,93,"High Point","BSth","=""8-2""","+8.95","117.8","108.8","70.8","-8.12","=""0-0""","=""0-1""","=""1-1""","=""6-0"""
90,92,"Stanford","ACC","=""7-2""","+8.92","111.4","102.5","70.5","-3.43","=""1-0""","=""0-0""","=""2-1""","=""4-0"""
91,178,"Oregon","B10","=""4-5""","+8.80","112.8","104.0","68.4","+7.65","=""0-2""","=""0-3""","=""1-0""","=""3-0"""
92,167,"Marquette","BE","=""5-5""","+8.05","110.8","102.8","71.1","-0.60","=""0-2""","=""0-1""","=""0-1""","=""5-1"""
93,115,"Georgetown","BE","=""6-3""","+8.02","112.7","104.7","68.6","+1.72","=""1-1""","=""0-1""","=""1-0""","=""4-0"""
94,81,"Penn St.","B10","=""8-1""","+7.96","115.4","107.5","68.0","-8.87","=""0-0""","=""0-1""","=""0-0""","=""8-0"""
95,142,"San Francisco","WCC","=""6-4""","+7.90","111.3","103.5","66.4","+3.33","=""0-1""","=""0-1""","=""2-1""","=""2-1"""
96,106,"Liberty","CUSA","=""6-2""","+7.88","115.2","107.3","66.4","-4.83","=""0-0""","=""0-0""","=""2-2""","=""2-0"""
97,119,"Florida St.","ACC","=""5-4""","+7.85","110.3","102.4","74.2","+1.06","=""0-3""","=""0-1""","=""1-0""","=""4-0"""
98,59,"UC San Diego","BW","=""8-1""","+7.85","115.2","107.3","68.8","-0.16","=""0-0""","=""0-1""","=""4-0""","=""3-0"""
99,171,"Maryland","B10","=""6-4""","+7.78","109.7","101.9","69.6","+2.54","=""0-3""","=""0-0""","=""1-1""","=""5-0"""
100,100,"Northern Iowa","MVC","=""7-2""","+7.70","106.8","99.1","63.9","-3.93","=""0-1""","=""0-1""","=""1-0""","=""5-0"""
101,85,"Richmond","A10","=""8-1""","+7.54","111.8","104.3","69.7","-7.35","=""1-0""","=""1-0""","=""1-1""","=""4-0"""
102,117,"Hawaii","BW","=""8-2""","+7.28","104.7","97.5","70.6","-11.30","=""0-0""","=""0-1""","=""1-1""","=""6-0"""
103,145,"Grand Canyon","MWC","=""5-4""","+7.04","107.7","100.7","68.4","-2.20","=""0-3""","=""0-0""","=""1-1""","=""4-0"""
104,67,"Wyoming","MWC","=""7-2""","+6.82","110.5","103.6","69.5","-6.31","=""0-1""","=""0-1""","=""1-0""","=""5-0"""
105,96,"Rhode Island","A10","=""7-3""","+6.72","110.6","103.9","67.9","-3.22","=""1-1""","=""0-1""","=""1-1""","=""5-0"""
106,83,"Illinois St.","MVC","=""8-2""","+6.71","110.8","104.1","67.8","-4.78","=""0-1""","=""0-0""","=""3-1""","=""4-0"""
107,101,"UNC Wilmington","CAA","=""9-1""","+6.63","113.3","106.7","64.8","-9.46","=""0-0""","=""0-0""","=""1-1""","=""7-0"""
108,77,"St. Bonaventure","A10","=""9-1""","+6.55","110.5","104.0","67.3","-1.58","=""0-1""","=""2-0""","=""3-0""","=""3-0"""
109,148,"Pittsburgh","ACC","=""5-5""","+6.28","112.4","106.1","64.5","+0.61","=""0-1""","=""1-2""","=""1-1""","=""3-0"""
110,108,"UAB","Amer","=""7-3""","+6.23","111.0","104.8","70.0","-0.81","=""0-1""","=""1-1""","=""3-0""","=""2-1"""
111,87,"Murray St.","MVC","=""7-3""","+5.99","113.5","107.5","71.9","-6.11","=""1-1""","=""0-2""","=""0-0""","=""6-0"""
112,128,"Minnesota","B10","=""5-4""","+5.91","110.5","104.5","64.5","-2.23","=""1-1""","=""0-2""","=""0-1""","=""4-0"""
113,104,"Seattle","WCC","=""7-2""","+5.86","108.6","102.7","67.9","-5.98","=""0-0""","=""1-0""","=""1-1""","=""3-1"""
114,90,"East Tennessee St.","SC","=""8-2""","+5.81","110.3","104.5","68.7","-7.64","=""0-0""","=""0-1""","=""2-0""","=""4-1"""
115,99,"Winthrop","BSth","=""5-5""","+5.46","115.8","110.3","69.6","+0.08","=""0-3""","=""0-0""","=""3-1""","=""2-1"""
116,116,"Florida Atlantic","Amer","=""6-3""","+5.12","113.9","108.8","67.2","+3.25","=""0-0""","=""0-2""","=""2-1""","=""2-0"""
117,89,"Bowling Green","MAC","=""7-3""","+5.03","107.7","102.7","69.5","-3.76","=""0-0""","=""1-3""","=""0-0""","=""4-0"""
118,114,"Hofstra","CAA","=""6-4""","+4.90","108.1","103.2","68.5","+2.62","=""0-2""","=""0-0""","=""1-2""","=""3-0"""
119,91,"Miami OH","MAC","=""8-0""","+4.72","111.7","106.9","71.4","-15.07","=""0-0""","=""0-0""","=""0-0""","=""6-0"""
120,61,"Columbia","Ivy","=""9-1""","+4.48","110.9","106.5","67.8","-8.66","=""0-1""","=""0-0""","=""2-0""","=""6-0"""
121,79,"Sam Houston St.","CUSA","=""6-3""","+4.46","112.2","107.8","71.0","+6.69","=""0-2""","=""1-0""","=""2-1""","=""1-0"""
122,133,"Bradley","MVC","=""6-4""","+4.43","107.4","102.9","68.5","-4.50","=""0-0""","=""0-2""","=""1-2""","=""5-0"""
123,63,"William & Mary","CAA","=""8-3""","+4.23","109.2","105.0","75.3","+5.59","=""0-2""","=""1-1""","=""2-0""","=""3-0"""
124,136,"UC Irvine","BW","=""7-4""","+4.19","100.9","96.7","69.7","-1.66","=""0-1""","=""0-0""","=""1-3""","=""4-0"""
125,143,"Utah","B12","=""7-3""","+4.19","112.5","108.3","69.5","-2.28","=""0-1""","=""0-0""","=""3-1""","=""4-1"""
126,88,"Pacific","WCC","=""7-3""","+4.04","108.7","104.7","66.3","-2.31","=""0-1""","=""0-2""","=""1-0""","=""5-0"""
127,135,"Drake","MVC","=""6-4""","+3.88","109.7","105.8","66.4","-2.97","=""0-1""","=""0-0""","=""1-1""","=""3-2"""
128,146,"Kent St.","MAC","=""9-1""","+3.77","114.4","110.7","71.8","-7.45","=""0-0""","=""0-0""","=""4-1""","=""3-0"""
129,102,"Cal Baptist","WAC","=""7-3""","+3.38","108.0","104.6","68.5","-1.03","=""0-2""","=""0-0""","=""2-1""","=""5-0"""
130,210,"UNLV","MWC","=""4-5""","+3.23","111.6","108.3","73.2","+2.67","=""0-1""","=""1-0""","=""0-3""","=""2-1"""
131,111,"Davidson","A10","=""7-2""","+3.14","109.9","106.8","66.5","-1.51","=""0-1""","=""0-0""","=""3-0""","=""3-0"""
132,151,"Southern Illinois","MVC","=""5-4""","+3.06","109.5","106.4","70.2","+1.70","=""0-0""","=""1-2""","=""0-2""","=""3-0"""
133,121,"New Mexico St.","CUSA","=""6-2""","+3.00","108.2","105.3","67.0","-3.25","=""0-0""","=""0-0""","=""2-2""","=""2-0"""
134,105,"Western Kentucky","CUSA","=""6-2""","+2.87","108.7","105.8","72.4","-0.56","=""0-1""","=""1-1""","=""0-0""","=""4-0"""
135,192,"Rutgers","B10","=""5-5""","+2.79","107.8","105.0","66.5","+0.93","=""0-3""","=""0-1""","=""0-1""","=""5-0"""
136,199,"North Texas","Amer","=""7-3""","+2.58","104.7","102.2","65.4","-5.26","=""0-1""","=""0-0""","=""0-1""","=""6-0"""
137,197,"DePaul","BE","=""6-3""","+2.52","107.7","105.2","68.8","-11.70","=""0-1""","=""0-1""","=""0-1""","=""6-0"""
138,202,"Georgia Tech","ACC","=""6-4""","+2.51","103.6","101.1","71.0","-6.35","=""0-1""","=""0-0""","=""0-3""","=""6-0"""
139,158,"Loyola Marymount","WCC","=""7-3""","+2.45","104.6","102.2","67.4","-2.97","=""0-0""","=""0-1""","=""2-1""","=""4-1"""
140,155,"UC Santa Barbara","BW","=""8-2""","+2.36","114.6","112.3","66.6","-4.89","=""0-0""","=""0-1""","=""1-1""","=""5-0"""
141,132,"Lipscomb","ASun","=""6-4""","+2.34","107.9","105.6","70.3","+0.29","=""0-2""","=""0-1""","=""2-1""","=""2-0"""
142,181,"Duquesne","A10","=""6-3""","+2.22","108.7","106.5","72.1","-7.98","=""0-1""","=""0-1""","=""0-0""","=""5-1"""
143,172,"Boston College","ACC","=""5-5""","+2.15","103.2","101.0","66.6","-5.04","=""0-1""","=""0-1""","=""1-2""","=""4-1"""
144,112,"Towson","CAA","=""6-4""","+2.12","107.7","105.6","63.6","+4.68","=""0-1""","=""1-1""","=""2-1""","=""2-0"""
145,118,"Stephen F. Austin","Slnd","=""7-2""","+1.71","107.3","105.6","67.3","-5.30","=""0-0""","=""0-0""","=""1-2""","=""4-0"""
146,173,"Wright St.","Horz","=""5-5""","+1.64","107.1","105.4","67.5","+0.51","=""0-2""","=""0-0""","=""0-3""","=""2-0"""
147,138,"Oakland","Horz","=""5-5""","+1.30","115.0","113.7","71.9","+10.35","=""0-4""","=""0-0""","=""2-1""","=""2-0"""
148,157,"Troy","SB","=""6-5""","+1.13","106.9","105.8","68.9","+2.98","=""0-1""","=""1-0""","=""2-2""","=""1-2"""
149,160,"Arkansas St.","SB","=""7-3""","+0.79","108.5","107.7","73.1","+1.13","=""0-2""","=""0-1""","=""2-0""","=""4-0"""
150,123,"Quinnipiac","MAAC","=""7-3""","+0.69","106.5","105.8","71.9","+0.06","=""0-3""","=""0-0""","=""3-0""","=""2-0"""
151,131,"Siena","MAAC","=""9-2""","+0.58","105.3","104.7","65.9","-10.62","=""0-0""","=""0-1""","=""1-1""","=""7-0"""
152,95,"Middle Tennessee","CUSA","=""5-4""","+0.41","108.4","108.0","67.8","+9.33","=""0-2""","=""1-1""","=""1-0""","=""1-0"""
153,165,"Furman","SC","=""6-4""","+0.35","109.2","108.9","68.0","+2.41","=""0-0""","=""1-3""","=""1-1""","=""2-0"""
154,159,"Toledo","MAC","=""5-4""","+0.29","113.7","113.5","69.3","-0.85","=""0-0""","=""0-1""","=""3-3""","=""1-0"""
155,177,"Marist","MAAC","=""6-2""","-0.06","97.5","97.6","67.8","-11.10","=""0-0""","=""0-1""","=""0-0""","=""4-1"""
156,154,"North Dakota St.","Sum","=""7-3""","-0.07","105.3","105.4","68.4","-2.31","=""0-0""","=""0-1""","=""2-2""","=""3-0"""
157,153,"Youngstown St.","Horz","=""6-4""","-0.35","104.8","105.1","68.6","-1.89","=""0-0""","=""0-1""","=""1-2""","=""4-1"""
158,211,"Temple","Amer","=""4-5""","-0.53","112.9","113.4","67.1","-1.42","=""0-1""","=""0-2""","=""1-0""","=""3-2"""
159,161,"St. Thomas","Sum","=""7-4""","-0.56","107.5","108.1","69.1","-3.36","=""0-1""","=""0-0""","=""2-2""","=""3-1"""
160,124,"Northern Colorado","BSky","=""9-1""","-0.60","108.2","108.8","69.4","-6.23","=""0-0""","=""0-0""","=""0-1""","=""6-0"""
161,189,"Kennesaw St.","CUSA","=""7-2""","-0.74","109.7","110.5","74.7","-8.35","=""0-0""","=""0-1""","=""1-0""","=""4-1"""
162,156,"Montana St.","BSky","=""4-6""","-0.81","107.1","107.9","66.6","+5.82","=""0-3""","=""0-1""","=""0-0""","=""2-2"""
163,125,"UC Davis","BW","=""5-3""","-0.89","104.8","105.7","68.7","+0.68","=""0-1""","=""1-1""","=""1-0""","=""2-1"""
164,147,"Colgate","PL","=""6-4""","-0.96","107.8","108.8","66.9","+1.52","=""0-2""","=""1-1""","=""0-0""","=""3-1"""
165,168,"Fresno St.","MWC","=""6-4""","-1.07","104.7","105.8","70.0","-4.68","=""0-1""","=""1-1""","=""1-0""","=""3-2"""
166,126,"Cornell","Ivy","=""5-5""","-1.11","113.4","114.5","74.4","-0.43","=""0-1""","=""0-2""","=""1-1""","=""3-0"""
167,204,"Florida Gulf Coast","ASun","=""5-5""","-1.21","109.5","110.7","70.4","-3.67","=""0-1""","=""0-0""","=""0-1""","=""4-2"""
168,120,"Idaho St.","BSky","=""6-4""","-1.24","106.7","108.0","64.6","+0.92","=""0-1""","=""0-3""","=""0-0""","=""4-0"""
169,140,"Marshall","SB","=""5-4""","-1.25","107.5","108.7","71.3","-0.76","=""0-1""","=""0-1""","=""3-2""","=""2-0"""
170,139,"South Alabama","SB","=""8-2""","-1.42","107.5","108.9","65.8","-3.26","=""0-0""","=""0-2""","=""2-0""","=""5-0"""
171,122,"Mercer","SC","=""7-2""","-1.48","108.8","110.2","70.8","-1.06","=""0-1""","=""0-1""","=""2-0""","=""3-0"""
172,163,"South Dakota St.","Sum","=""5-5""","-1.53","105.1","106.6","69.3","-0.02","=""0-0""","=""0-2""","=""1-3""","=""2-0"""
173,194,"Washington St.","WCC","=""3-7""","-1.60","110.9","112.5","68.0","+3.45","=""0-1""","=""0-4""","=""0-1""","=""2-0"""
174,175,"Iona","MAAC","=""7-3""","-1.69","107.1","108.8","72.2","-5.13","=""0-1""","=""0-0""","=""1-1""","=""5-1"""
175,149,"Elon","CAA","=""5-4""","-1.70","112.6","114.3","68.6","-3.12","=""0-1""","=""0-0""","=""0-2""","=""4-1"""
176,259,"Saint Joseph's","A10","=""5-3""","-1.96","104.7","106.6","69.1","-2.70","=""0-1""","=""0-0""","=""0-2""","=""4-0"""
177,166,"Robert Morris","Horz","=""7-4""","-2.04","106.4","108.5","66.8","-1.47","=""0-1""","=""1-1""","=""1-2""","=""3-0"""
178,234,"Oregon St.","WCC","=""5-5""","-2.05","108.0","110.1","65.5","-4.64","=""0-0""","=""0-0""","=""1-4""","=""4-1"""
179,176,"UT Rio Grande Valley","Slnd","=""3-5""","-2.06","105.4","107.4","70.2","+8.47","=""0-2""","=""0-2""","=""0-0""","=""1-1"""
180,164,"UT Arlington","WAC","=""6-3""","-2.19","103.2","105.4","67.8","-0.86","=""0-0""","=""0-1""","=""2-1""","=""2-1"""
181,198,"Massachusetts","MAC","=""6-3""","-2.24","102.3","104.6","72.9","-10.51","=""0-0""","=""0-0""","=""1-1""","=""5-2"""
182,182,"FIU","CUSA","=""5-3""","-2.29","105.8","108.1","71.7","-0.65","=""0-2""","=""0-0""","=""0-0""","=""3-1"""
183,180,"Portland St.","BSky","=""5-3""","-2.35","103.0","105.3","70.2","-1.56","=""0-0""","=""0-1""","=""1-1""","=""2-1"""
184,225,"Charleston","CAA","=""4-5""","-2.36","108.6","110.9","66.9","+0.46","=""0-1""","=""0-2""","=""1-2""","=""2-0"""
185,246,"San Jose St.","MWC","=""4-5""","-2.40","106.5","108.9","65.8","+2.30","=""0-2""","=""0-0""","=""0-3""","=""3-0"""
186,184,"James Madison","SB","=""7-4""","-2.61","110.9","113.5","66.8","-4.20","=""0-2""","=""0-0""","=""2-1""","=""4-1"""
187,213,"Indiana St.","MVC","=""6-4""","-2.65","102.6","105.2","71.4","-5.07","=""0-1""","=""0-0""","=""1-1""","=""2-2"""
188,256,"Tulane","Amer","=""6-3""","-2.77","110.9","113.6","66.9","-4.90","=""0-1""","=""0-1""","=""1-0""","=""5-1"""
189,193,"Queens","ASun","=""4-5""","-2.78","113.4","116.2","68.2","+2.12","=""0-2""","=""0-1""","=""0-2""","=""3-0"""
190,169,"Eastern Michigan","MAC","=""6-4""","-2.83","104.5","107.4","66.7","-0.24","=""0-2""","=""1-0""","=""1-1""","=""3-1"""
191,258,"Louisiana Tech","CUSA","=""5-3""","-2.84","102.3","105.1","65.1","-5.33","=""0-0""","=""0-1""","=""0-2""","=""3-0"""
192,186,"Northern Kentucky","Horz","=""7-3""","-3.05","106.2","109.2","69.7","-5.53","=""0-1""","=""0-1""","=""0-0""","=""5-1"""
193,130,"Austin Peay","ASun","=""4-5""","-3.13","100.9","104.0","69.5","+3.48","=""0-2""","=""0-1""","=""0-1""","=""3-0"""
194,137,"Idaho","BSky","=""6-3""","-3.23","109.2","112.5","67.1","-1.53","=""0-1""","=""0-1""","=""2-0""","=""2-1"""
195,228,"Incarnate Word","Slnd","=""5-4""","-3.31","109.3","112.6","66.4","+7.02","=""0-2""","=""1-1""","=""0-0""","=""1-1"""
196,179,"Tarleton St.","WAC","=""7-4""","-3.37","106.2","109.5","69.1","+9.93","=""0-2""","=""0-2""","=""0-0""","=""3-0"""
197,195,"Navy","PL","=""6-5""","-3.39","103.2","106.6","68.3","-4.60","=""0-2""","=""0-2""","=""0-0""","=""4-1"""
198,183,"Vermont","AE","=""6-5""","-3.43","110.2","113.6","66.2","+1.18","=""0-1""","=""0-2""","=""1-2""","=""3-0"""
199,220,"Valparaiso","MVC","=""6-3""","-3.54","102.6","106.2","66.5","-8.37","=""0-1""","=""0-0""","=""0-1""","=""5-1"""
200,268,"Southern","SWAC","=""4-4""","-3.58","104.0","107.5","71.7","+11.13","=""0-2""","=""0-0""","=""0-1""","=""1-1"""
201,251,"Illinois Chicago","MVC","=""4-5""","-3.76","104.2","107.9","69.1","-5.15","=""0-0""","=""0-1""","=""0-2""","=""3-1"""
202,170,"Charlotte","Amer","=""4-6""","-3.76","108.0","111.8","63.4","-0.13","=""0-1""","=""0-2""","=""0-1""","=""3-1"""
203,222,"Montana","BSky","=""5-5""","-3.82","108.2","112.0","70.5","-0.41","=""0-1""","=""0-1""","=""1-2""","=""2-1"""
204,150,"Southern Miss","SB","=""5-4""","-3.88","108.1","112.0","67.8","+0.71","=""0-1""","=""0-2""","=""1-0""","=""2-1"""
205,236,"Ohio","MAC","=""3-6""","-3.92","107.5","111.4","69.9","+2.67","=""0-2""","=""0-1""","=""2-2""","=""1-1"""
206,219,"Harvard","Ivy","=""5-6""","-4.15","105.5","109.7","65.7","-3.35","=""0-0""","=""0-1""","=""1-3""","=""3-2"""
207,223,"Northeastern","CAA","=""4-5""","-4.30","102.3","106.7","69.9","-2.12","=""0-1""","=""0-0""","=""3-0""","=""0-4"""
208,162,"Weber St.","BSky","=""4-5""","-4.50","106.6","111.1","69.8","-1.43","=""0-1""","=""0-0""","=""0-2""","=""3-1"""
209,250,"Campbell","CAA","=""4-5""","-4.62","105.3","109.9","70.9","+9.06","=""0-2""","=""0-2""","=""1-1""","=""1-0"""
210,134,"Buffalo","MAC","=""8-1""","-4.71","107.9","112.6","67.5","-8.82","=""0-0""","=""0-0""","=""2-1""","=""5-0"""
211,205,"UNC Asheville","BSth","=""4-5""","-4.71","105.8","110.5","67.4","-1.87","=""0-2""","=""0-0""","=""1-1""","=""2-2"""
212,233,"Old Dominion","SB","=""3-7""","-4.74","106.8","111.5","68.7","+6.61","=""0-3""","=""0-3""","=""0-0""","=""2-1"""
213,209,"Monmouth","CAA","=""5-5""","-4.76","105.1","109.8","68.1","-2.14","=""0-2""","=""0-0""","=""0-1""","=""4-2"""
214,144,"Tennessee Martin","OVC","=""7-2""","-4.84","102.8","107.7","66.7","-2.06","=""0-0""","=""1-1""","=""1-1""","=""2-0"""
215,215,"New Orleans","Slnd","=""2-7""","-4.89","106.2","111.1","70.4","+10.28","=""1-2""","=""0-1""","=""0-2""","=""1-2"""
216,257,"Rice","Amer","=""4-6""","-4.89","104.9","109.8","66.9","-1.59","=""0-1""","=""0-0""","=""0-4""","=""3-1"""
217,218,"Hampton","CAA","=""5-5""","-5.03","105.1","110.1","67.0","-1.98","=""0-1""","=""0-0""","=""0-3""","=""3-1"""
218,239,"North Alabama","ASun","=""5-4""","-5.04","105.1","110.1","66.9","+5.38","=""0-1""","=""0-0""","=""1-2""","=""2-1"""
219,299,"Chattanooga","SC","=""4-5""","-5.07","108.3","113.3","65.4","-2.73","=""0-1""","=""0-0""","=""0-2""","=""2-2"""
220,190,"Texas A&M Corpus Chris","Slnd","=""3-5""","-5.11","100.8","105.9","68.2","+14.81","=""0-3""","=""0-1""","=""1-1""","=""0-0"""
221,174,"Stony Brook","CAA","=""6-3""","-5.15","106.2","111.4","67.3","+0.55","=""0-1""","=""0-1""","=""1-1""","=""3-0"""
222,187,"Coastal Carolina","SB","=""6-4""","-5.16","101.5","106.7","70.5","-3.38","=""0-0""","=""1-1""","=""1-1""","=""3-2"""
223,212,"Abilene Christian","WAC","=""7-3""","-5.18","101.1","106.3","66.3","-2.63","=""0-0""","=""0-2""","=""1-0""","=""3-1"""
224,227,"SIUE","OVC","=""6-4""","-5.30","101.9","107.2","66.2","-3.58","=""0-1""","=""1-0""","=""0-0""","=""3-3"""
225,232,"American","PL","=""7-4""","-5.30","103.6","108.9","70.1","-5.62","=""0-2""","=""0-0""","=""0-2""","=""5-0"""
226,201,"Norfolk St.","MEAC","=""4-6""","-5.35","100.0","105.4","65.6","+5.51","=""0-2""","=""0-2""","=""0-2""","=""1-0"""
227,217,"Southeast Missouri","OVC","=""4-6""","-5.59","103.4","109.0","71.6","+5.48","=""0-3""","=""0-0""","=""0-2""","=""2-1"""
228,241,"Bethune Cookman","SWAC","=""3-6""","-5.73","104.6","110.3","67.0","+7.01","=""0-3""","=""0-1""","=""1-1""","=""1-1"""
229,255,"Brown","Ivy","=""5-6""","-5.77","98.8","104.5","66.5","-7.15","=""0-0""","=""0-1""","=""0-2""","=""4-3"""
230,214,"Milwaukee","Horz","=""4-5""","-5.83","106.6","112.5","71.0","+6.16","=""0-4""","=""0-0""","=""0-0""","=""3-1"""
231,226,"Lamar","Slnd","=""5-3""","-5.84","99.3","105.1","66.4","-4.42","=""0-1""","=""0-0""","=""1-1""","=""2-1"""
232,191,"LIU","NEC","=""5-4""","-5.99","104.0","110.0","70.4","-0.89","=""0-2""","=""0-0""","=""0-1""","=""5-1"""
233,235,"Georgia Southern","SB","=""6-5""","-6.01","106.0","112.0","72.1","-3.82","=""0-0""","=""0-1""","=""1-2""","=""4-2"""
234,308,"UTEP","CUSA","=""3-5""","-6.06","100.6","106.6","66.5","+8.08","=""0-1""","=""0-1""","=""0-2""","=""0-0"""
235,230,"Penn","Ivy","=""5-4""","-6.10","107.4","113.5","70.4","-0.60","=""0-1""","=""0-1""","=""0-2""","=""4-0"""
236,278,"Texas St.","SB","=""6-5""","-6.18","101.2","107.3","66.0","-6.16","=""0-0""","=""0-1""","=""0-1""","=""4-3"""
237,291,"Jacksonville St.","CUSA","=""4-4""","-6.19","99.4","105.6","66.2","-4.23","=""0-0""","=""0-0""","=""0-3""","=""1-1"""
238,261,"Eastern Washington","BSky","=""2-7""","-6.26","107.6","113.9","70.2","+5.13","=""0-2""","=""0-1""","=""0-3""","=""1-1"""
239,203,"Cal Poly","BW","=""5-6""","-6.31","104.1","110.4","76.3","+3.23","=""0-2""","=""1-0""","=""1-2""","=""1-2"""
240,269,"Fordham","A10","=""6-4""","-6.38","103.8","110.2","65.3","-11.71","=""0-0""","=""0-0""","=""0-2""","=""3-2"""
241,277,"Samford","SC","=""5-6""","-6.42","106.7","113.1","67.0","-0.07","=""0-2""","=""0-2""","=""0-0""","=""4-2"""
242,254,"Western Michigan","MAC","=""5-5""","-6.64","105.5","112.2","69.8","-5.00","=""0-1""","=""0-0""","=""1-1""","=""4-2"""
243,272,"La Salle","A10","=""4-6""","-6.87","102.1","109.0","65.6","-2.93","=""0-0""","=""0-2""","=""0-3""","=""3-1"""
244,253,"Nebraska Omaha","Sum","=""4-7""","-6.89","106.5","113.4","68.0","+2.61","=""0-2""","=""0-1""","=""1-4""","=""1-0"""
245,224,"Utah Tech","WAC","=""5-6""","-6.92","102.4","109.4","66.8","+1.33","=""0-3""","=""0-1""","=""0-0""","=""3-2"""
246,245,"Portland","WCC","=""6-4""","-6.96","104.7","111.7","70.1","-5.56","=""0-1""","=""0-1""","=""1-1""","=""3-1"""
247,329,"Radford","BSth","=""4-7""","-7.21","103.9","111.1","72.0","-1.09","=""0-2""","=""0-1""","=""0-3""","=""1-1"""
248,206,"UC Riverside","BW","=""5-5""","-7.30","105.7","113.0","67.7","-2.34","=""0-0""","=""0-2""","=""1-2""","=""3-1"""
249,185,"Lindenwood","OVC","=""5-4""","-7.32","100.9","108.2","72.4","+0.07","=""0-3""","=""0-0""","=""0-1""","=""4-0"""
250,275,"CSUN","BW","=""4-5""","-7.34","103.4","110.8","73.6","-0.61","=""0-0""","=""0-1""","=""1-4""","=""2-0"""
251,242,"Wofford","SC","=""6-4""","-7.34","104.1","111.4","68.5","-2.91","=""0-2""","=""0-0""","=""0-2""","=""5-0"""
252,237,"Northern Arizona","BSky","=""4-4""","-7.36","103.4","110.8","68.7","+0.25","=""0-1""","=""0-0""","=""0-2""","=""2-1"""
253,196,"Tennessee St.","OVC","=""5-4""","-7.45","101.4","108.8","71.9","+7.08","=""0-2""","=""0-1""","=""1-1""","=""1-0"""
254,267,"Purdue Fort Wayne","Horz","=""5-6""","-7.52","106.2","113.8","70.4","+5.59","=""0-2""","=""0-0""","=""0-3""","=""2-1"""
255,274,"Nicholls","Slnd","=""1-7""","-7.66","102.3","110.0","69.2","+7.69","=""0-2""","=""0-2""","=""0-1""","=""1-2"""
256,292,"Princeton","Ivy","=""3-9""","-7.81","100.7","108.5","67.9","+0.91","=""0-2""","=""0-0""","=""0-4""","=""2-3"""
257,260,"Central Arkansas","ASun","=""4-6""","-7.92","100.4","108.3","70.2","-0.66","=""0-2""","=""0-1""","=""0-1""","=""3-1"""
258,152,"Central Connecticut","NEC","=""5-4""","-7.94","100.6","108.6","67.1","+4.06","=""0-1""","=""0-1""","=""2-1""","=""1-0"""
259,200,"USC Upstate","BSth","=""6-5""","-8.03","101.8","109.8","69.7","-3.01","=""0-1""","=""0-2""","=""1-0""","=""3-2"""
260,188,"Tennessee Tech","OVC","=""4-6""","-8.09","102.1","110.2","71.0","+4.50","=""0-2""","=""0-2""","=""1-1""","=""1-1"""
261,294,"Missouri St.","CUSA","=""4-4""","-8.16","102.9","111.1","66.2","-1.23","=""0-1""","=""0-0""","=""0-2""","=""1-1"""
262,216,"UMBC","AE","=""6-3""","-8.18","104.9","113.1","67.8","-3.15","=""0-1""","=""0-2""","=""0-0""","=""4-0"""
263,249,"Boston University","PL","=""4-6""","-8.19","109.5","117.7","63.8","+0.35","=""0-2""","=""0-1""","=""1-1""","=""2-2"""
264,279,"San Diego","WCC","=""3-5""","-8.30","104.5","112.8","69.7","-5.55","=""0-0""","=""0-0""","=""1-2""","=""1-3"""
265,262,"Presbyterian","BSth","=""6-6""","-8.33","100.8","109.1","62.7","-1.61","=""0-2""","=""0-1""","=""1-0""","=""3-3"""
266,285,"Long Beach St.","BW","=""2-8""","-8.36","103.9","112.3","67.7","+2.59","=""0-0""","=""0-3""","=""0-4""","=""1-1"""
267,287,"Dartmouth","Ivy","=""3-4""","-8.36","104.7","113.0","71.6","-7.82","=""0-1""","=""0-0""","=""0-0""","=""2-3"""
268,316,"East Carolina","Amer","=""3-6""","-8.44","101.0","109.5","70.0","-1.23","=""0-1""","=""0-3""","=""0-0""","=""2-2"""
269,252,"Houston Christian","Slnd","=""5-4""","-8.46","104.8","113.2","65.0","-4.48","=""0-1""","=""0-0""","=""1-2""","=""2-1"""
270,271,"South Dakota","Sum","=""5-5""","-8.52","105.3","113.9","71.9","-6.23","=""0-1""","=""0-2""","=""0-0""","=""4-2"""
271,238,"Alabama St.","SWAC","=""3-6""","-8.69","104.0","112.7","69.5","+3.29","=""0-1""","=""1-2""","=""0-0""","=""1-2"""
272,280,"Western Carolina","SC","=""4-5""","-8.71","101.0","109.7","71.3","+5.14","=""0-1""","=""0-3""","=""0-1""","=""2-0"""
273,314,"Eastern Kentucky","ASun","=""2-7""","-8.86","106.2","115.0","70.8","+3.74","=""0-1""","=""0-1""","=""0-4""","=""0-1"""
274,295,"UTSA","Amer","=""4-5""","-8.87","100.2","109.1","69.8","-2.30","=""0-0""","=""0-0""","=""1-1""","=""1-3"""
275,266,"Sacramento St.","BSky","=""4-6""","-8.92","101.1","110.0","71.6","+9.28","=""0-2""","=""0-3""","=""0-1""","=""1-0"""
276,288,"Merrimack","MAAC","=""5-6""","-9.05","101.6","110.7","66.1","-1.14","=""0-2""","=""0-0""","=""0-4""","=""4-0"""
277,293,"UNC Greensboro","SC","=""2-8""","-9.23","104.7","114.0","68.2","+0.98","=""0-1""","=""0-2""","=""1-3""","=""1-2"""
278,247,"Cal St. Fullerton","BW","=""3-7""","-9.39","102.5","111.9","75.2","+0.94","=""0-2""","=""0-1""","=""1-2""","=""1-2"""
279,286,"Drexel","CAA","=""4-6""","-9.45","102.0","111.5","66.2","-5.68","=""0-0""","=""0-1""","=""0-2""","=""3-3"""
280,290,"Evansville","MVC","=""4-6""","-9.47","99.8","109.2","68.8","+1.71","=""0-2""","=""0-1""","=""0-1""","=""2-2"""
281,306,"Delaware","CUSA","=""2-6""","-9.49","103.5","113.0","67.2","-5.37","=""0-1""","=""0-0""","=""0-1""","=""2-3"""
282,284,"Southeastern Louisiana","Slnd","=""3-6""","-9.52","98.4","108.0","67.4","+0.68","=""0-0""","=""0-2""","=""1-2""","=""1-1"""
283,207,"Denver","Sum","=""3-6""","-9.64","111.3","120.9","68.1","+8.82","=""1-3""","=""0-2""","=""1-0""","=""1-1"""
284,244,"Grambling St.","SWAC","=""3-5""","-9.75","99.8","109.6","67.4","+1.47","=""0-1""","=""0-1""","=""1-1""","=""1-2"""
285,270,"Bellarmine","ASun","=""4-5""","-9.82","108.2","118.0","66.5","+5.31","=""0-2""","=""0-2""","=""0-0""","=""2-1"""
286,263,"Sacred Heart","MAAC","=""3-6""","-9.91","106.6","116.5","70.1","+1.07","=""0-1""","=""0-1""","=""0-3""","=""2-0"""
287,229,"Green Bay","Horz","=""4-7""","-10.09","104.9","115.0","66.2","+5.08","=""0-2""","=""0-2""","=""2-1""","=""0-1"""
288,339,"Loyola Chicago","A10","=""3-7""","-10.29","104.5","114.8","65.6","-6.69","=""0-1""","=""0-2""","=""0-1""","=""3-3"""
289,231,"Charleston Southern","BSth","=""6-5""","-10.32","101.2","111.5","70.7","-3.64","=""0-1""","=""0-1""","=""0-3""","=""3-0"""
290,208,"Alabama A&M","SWAC","=""4-4""","-10.40","99.4","109.8","66.3","+1.27","=""0-2""","=""0-0""","=""0-1""","=""3-0"""
291,248,"East Texas A&M","Slnd","=""5-4""","-10.43","99.2","109.6","69.5","+0.71","=""0-1""","=""0-2""","=""0-0""","=""2-1"""
292,273,"Jacksonville","ASun","=""4-5""","-10.53","100.4","110.9","65.9","+3.48","=""0-2""","=""0-2""","=""0-1""","=""3-0"""
293,289,"Appalachian St.","SB","=""5-5""","-10.86","101.3","112.1","63.2","-3.67","=""0-1""","=""0-1""","=""0-2""","=""3-1"""
294,283,"Detroit Mercy","Horz","=""4-6""","-10.86","102.4","113.3","69.1","+0.01","=""0-2""","=""0-0""","=""0-2""","=""3-2"""
295,302,"Pepperdine","WCC","=""3-7""","-10.88","99.6","110.4","67.2","-3.46","=""0-1""","=""0-0""","=""0-3""","=""1-3"""
296,264,"Holy Cross","PL","=""4-6""","-10.94","102.3","113.3","66.1","+2.75","=""0-1""","=""0-1""","=""0-2""","=""3-2"""
297,282,"Oral Roberts","Sum","=""4-7""","-10.97","104.8","115.8","70.1","+4.65","=""0-1""","=""0-3""","=""2-2""","=""0-1"""
298,221,"Fairfield","MAAC","=""5-5""","-11.13","102.0","113.2","69.0","-7.09","=""0-1""","=""0-2""","=""0-0""","=""5-1"""
299,296,"Longwood","BSth","=""6-5""","-11.21","102.1","113.3","70.9","-7.48","=""0-1""","=""0-0""","=""0-3""","=""4-1"""
300,350,"Northwestern St.","Slnd","=""2-7""","-11.44","105.5","116.9","66.4","+7.18","=""0-2""","=""0-0""","=""0-4""","=""0-1"""
301,281,"Prairie View A&M","SWAC","=""4-5""","-11.46","99.5","111.0","72.1","+7.80","=""0-3""","=""0-0""","=""0-2""","=""1-0"""
302,298,"Cal St. Bakersfield","BW","=""4-6""","-11.58","101.4","113.0","70.5","+2.25","=""0-1""","=""0-2""","=""1-2""","=""2-1"""
303,307,"Lehigh","PL","=""3-8""","-11.87","100.7","112.6","68.4","-0.20","=""0-1""","=""0-2""","=""0-3""","=""2-2"""
304,276,"Le Moyne","NEC","=""5-5""","-12.01","106.5","118.5","68.9","-6.70","=""0-0""","=""0-2""","=""0-1""","=""4-2"""
305,300,"Manhattan","MAAC","=""4-6""","-12.31","106.1","118.4","69.8","-2.88","=""0-2""","=""0-1""","=""0-0""","=""3-2"""
306,336,"Saint Peter's","MAAC","=""4-4""","-12.32","99.0","111.3","65.9","-11.06","=""0-2""","=""0-0""","=""0-0""","=""3-2"""
307,331,"Mount St. Mary's","MAAC","=""2-8""","-12.36","100.2","112.5","68.2","+0.27","=""0-1""","=""0-2""","=""0-2""","=""2-3"""
308,321,"UMass Lowell","AE","=""3-7""","-12.45","102.5","115.0","70.5","+3.88","=""0-3""","=""0-1""","=""0-1""","=""1-2"""
309,311,"Bryant","AE","=""3-7""","-12.48","98.3","110.7","66.9","+3.03","=""0-2""","=""0-1""","=""0-3""","=""2-1"""
310,240,"North Carolina A&T","CAA","=""4-3""","-12.63","98.4","111.0","71.4","-5.81","=""0-0""","=""0-2""","=""0-1""","=""3-0"""
311,265,"West Georgia","ASun","=""5-4""","-12.66","100.8","113.5","68.7","+0.33","=""0-2""","=""0-0""","=""2-1""","=""2-1"""
312,312,"Central Michigan","MAC","=""3-6""","-12.78","102.8","115.6","67.2","-1.29","=""0-0""","=""0-1""","=""0-2""","=""2-2"""
313,243,"Wagner","NEC","=""2-6""","-12.93","100.4","113.3","67.7","+8.06","=""0-2""","=""0-1""","=""0-2""","=""1-1"""
314,305,"Howard","MEAC","=""5-5""","-12.97","100.2","113.2","69.5","-7.29","=""0-1""","=""0-1""","=""0-0""","=""2-3"""
315,327,"Texas Southern","SWAC","=""1-6""","-12.98","99.7","112.7","71.4","+12.76","=""0-3""","=""0-0""","=""0-1""","=""0-2"""
316,346,"Little Rock","OVC","=""2-7""","-13.06","100.2","113.3","66.3","+1.75","=""0-0""","=""0-1""","=""0-4""","=""1-2"""
317,313,"Bucknell","PL","=""2-9""","-13.12","100.7","113.9","67.3","+0.66","=""0-2""","=""0-1""","=""0-4""","=""2-2"""
318,347,"Jackson St.","SWAC","=""1-7""","-13.14","97.1","110.2","69.1","+14.07","=""0-4""","=""0-0""","=""0-2""","=""1-1"""
319,330,"Southern Utah","WAC","=""4-7""","-13.26","99.5","112.8","70.9","+3.10","=""0-2""","=""0-0""","=""0-3""","=""1-2"""
320,320,"Loyola MD","PL","=""4-6""","-13.33","102.4","115.8","68.9","-5.78","=""0-1""","=""0-0""","=""0-4""","=""2-1"""
321,315,"Southern Indiana","OVC","=""3-7""","-13.37","97.8","111.2","71.7","-1.60","=""0-1""","=""0-0""","=""1-0""","=""0-5"""
322,340,"Ball St.","MAC","=""3-6""","-13.73","98.7","112.4","66.0","-6.30","=""0-1""","=""0-0""","=""0-1""","=""2-4"""
323,297,"Morehead St.","OVC","=""3-7""","-13.94","99.7","113.7","68.4","+8.16","=""0-3""","=""0-2""","=""0-0""","=""1-2"""
324,343,"Cleveland St.","Horz","=""3-8""","-13.95","104.5","118.5","70.8","+1.54","=""0-2""","=""0-0""","=""0-3""","=""1-3"""
325,319,"Northern Illinois","MAC","=""3-6""","-14.33","102.1","116.4","68.4","+2.83","=""0-1""","=""0-3""","=""0-1""","=""2-1"""
326,333,"Albany","AE","=""3-7""","-14.51","100.8","115.3","68.0","+5.02","=""0-1""","=""0-2""","=""0-3""","=""0-1"""
327,303,"Mercyhurst","NEC","=""4-6""","-14.55","98.1","112.6","64.6","-0.58","=""0-1""","=""0-2""","=""0-1""","=""2-2"""
328,352,"Louisiana","SB","=""1-9""","-14.59","96.3","110.9","64.7","+0.38","=""0-2""","=""0-2""","=""0-2""","=""1-3"""
329,309,"Air Force","MWC","=""3-8""","-14.68","97.6","112.3","65.1","-6.08","=""0-1""","=""0-0""","=""0-4""","=""3-2"""
330,328,"Maine","AE","=""0-11""","-14.96","93.6","108.5","65.2","+0.53","=""0-1""","=""0-1""","=""0-6""","=""0-3"""
331,337,"Lafayette","PL","=""3-7""","-15.10","98.4","113.5","68.3","-5.90","=""0-0""","=""0-2""","=""0-1""","=""2-4"""
332,317,"North Dakota","Sum","=""3-8""","-15.37","98.0","113.4","70.5","-0.70","=""0-1""","=""0-2""","=""1-2""","=""1-3"""
333,326,"Eastern Illinois","OVC","=""2-6""","-15.41","97.8","113.2","66.9","+6.55","=""0-3""","=""0-0""","=""0-1""","=""1-2"""
334,325,"Alcorn St.","SWAC","=""1-9""","-15.50","99.2","114.7","70.0","+10.52","=""0-2""","=""0-3""","=""0-2""","=""1-2"""
335,324,"New Hampshire","AE","=""3-7""","-16.11","95.4","111.5","68.4","+3.02","=""0-2""","=""0-1""","=""0-2""","=""1-2"""
336,323,"North Florida","ASun","=""2-7""","-16.29","103.7","119.9","71.3","+8.06","=""0-2""","=""0-0""","=""0-1""","=""0-3"""
337,342,"Georgia St.","SB","=""1-9""","-16.39","94.6","111.0","70.4","+3.23","=""0-1""","=""0-2""","=""0-4""","=""0-2"""
338,301,"New Haven","NEC","=""5-5""","-16.47","95.5","112.0","65.2","+3.94","=""0-2""","=""0-1""","=""0-2""","=""2-0"""
339,362,"Rider","MAAC","=""1-7""","-16.65","96.3","113.0","67.7","+9.97","=""0-2""","=""0-1""","=""0-1""","=""0-2"""
340,341,"VMI","SC","=""4-7""","-16.90","100.0","116.9","68.2","+1.92","=""0-2""","=""0-2""","=""0-1""","=""1-2"""
341,334,"Florida A&M","SWAC","=""1-5""","-17.05","97.6","114.7","70.1","+10.45","=""0-3""","=""0-0""","=""0-0""","=""0-2"""
342,318,"Army","PL","=""4-7""","-17.22","99.2","116.5","67.2","-0.99","=""0-1""","=""0-2""","=""0-2""","=""2-2"""
343,332,"Stonehill","NEC","=""2-8""","-17.28","95.1","112.4","67.5","-1.97","=""0-1""","=""0-2""","=""0-2""","=""1-3"""
344,338,"Stetson","ASun","=""3-8""","-17.52","98.3","115.8","67.5","+0.44","=""0-1""","=""0-2""","=""0-2""","=""2-3"""
345,304,"IU Indy","Horz","=""3-8""","-17.67","102.8","120.4","77.3","-3.43","=""0-2""","=""0-0""","=""1-2""","=""1-4"""
346,335,"Maryland Eastern Shore","MEAC","=""4-8""","-17.69","94.3","112.0","62.1","+1.70","=""0-2""","=""0-1""","=""0-2""","=""2-3"""
347,310,"Arkansas Pine Bluff","SWAC","=""1-9""","-18.23","96.8","115.1","73.1","+11.47","=""0-3""","=""0-2""","=""0-3""","=""1-1"""
348,345,"Kansas City","Sum","=""1-8""","-18.23","96.2","114.5","69.8","+3.19","=""0-1""","=""0-1""","=""0-4""","=""0-2"""
349,322,"NJIT","AE","=""3-7""","-18.64","93.6","112.3","69.5","+0.47","=""0-1""","=""0-2""","=""0-2""","=""3-2"""
350,344,"North Carolina Central","MEAC","=""3-8""","-19.11","95.3","114.4","66.9","+9.39","=""0-3""","=""0-1""","=""0-2""","=""0-2"""
351,357,"South Carolina St.","MEAC","=""0-9""","-19.63","96.2","115.8","70.8","+3.29","=""0-2""","=""0-1""","=""0-2""","=""0-4"""
352,348,"Niagara","MAAC","=""2-7""","-19.84","94.8","114.7","65.7","-5.93","=""0-1""","=""0-1""","=""0-1""","=""2-3"""
353,351,"Canisius","MAAC","=""4-6""","-20.31","95.1","115.4","65.0","-3.70","=""0-0""","=""0-3""","=""0-1""","=""3-1"""
354,361,"Western Illinois","OVC","=""3-7""","-20.39","98.5","118.9","65.1","-0.22","=""0-1""","=""0-2""","=""0-0""","=""0-4"""
355,353,"Louisiana Monroe","SB","=""2-7""","-20.40","97.7","118.1","70.8","-4.09","=""0-0""","=""0-2""","=""0-0""","=""1-4"""
356,360,"Binghamton","AE","=""3-7""","-20.49","97.3","117.8","66.2","-9.57","=""0-1""","=""0-1""","=""0-0""","=""1-5"""
357,355,"Fairleigh Dickinson","NEC","=""2-7""","-20.87","99.7","120.6","69.5","+0.42","=""0-1""","=""0-2""","=""0-0""","=""0-4"""
358,358,"Gardner Webb","BSth","=""0-11""","-21.10","97.6","118.7","72.3","+4.52","=""0-1""","=""0-3""","=""0-4""","=""0-2"""
359,356,"Delaware St.","MEAC","=""3-8""","-21.41","90.9","112.3","68.1","-1.62","=""0-2""","=""0-0""","=""0-2""","=""1-3"""
360,354,"Morgan St.","MEAC","=""1-7""","-21.43","97.8","119.2","69.7","-8.89","=""0-0""","=""0-1""","=""0-1""","=""0-5"""
361,349,"Chicago St.","NEC","=""1-9""","-21.53","98.0","119.5","67.9","+10.20","=""0-3""","=""0-2""","=""0-2""","=""0-2"""
362,359,"Saint Francis","NEC","=""2-8""","-22.03","93.3","115.3","70.6","+5.24","=""0-1""","=""0-3""","=""0-1""","=""0-2"""
363,363,"The Citadel","SC","=""2-7""","-22.90","99.5","122.3","65.8","-6.70","=""0-0""","=""0-1""","=""0-1""","=""0-5"""
364,364,"Coppin St.","MEAC","=""2-10""","-25.80","92.1","117.9","69.7","+3.66","=""0-2""","=""0-2""","=""0-3""","=""1-3"""
365,365,"Mississippi Valley St.","SWAC","=""1-8""","-31.69","89.2","120.9","67.8","+1.55","=""0-1""","=""0-3""","=""0-0""","=""0-4"""
